BEGIN:VCALENDAR
VERSION:2.0
CALSCALE:GREGORIAN
PRODID:Fossify Calendar Holiday Generator
METHOD:PUBLISH
X-PUBLISHED-TTL:PT1H
BEGIN:VEVENT
UID:fossify_aea47c74d6c1863d5c3205061c7075f64a1feb94
SUMMARY:New Year's Day
DTSTAMP:20250712T090508Z
DTSTART;VALUE=DATE:19800101
DTEND;VALUE=DATE:19800102
STATUS:CONFIRMED
RRULE:FREQ=YEARLY
END:VEVENT
BEGIN:VEVENT
UID:fossify_bea4125ca24ae8ff0c3d0d5abae4c4bd68556910
SUMMARY:St. Brigid’s Day
DTSTAMP:20250712T090508Z
DTSTART;VALUE=DATE:20250203
DTEND;VALUE=DATE:20250204
STATUS:CONFIRMED
END:VEVENT
BEGIN:VEVENT
UID:fossify_a011e751f6914bb69422e233b871966953dfb94e
SUMMARY:St. Patrick’s Day
DTSTAMP:20250712T090508Z
DTSTART;VALUE=DATE:19800317
DTEND;VALUE=DATE:19800318
STATUS:CONFIRMED
RRULE:FREQ=YEARLY
END:VEVENT
BEGIN:VEVENT
UID:fossify_a778d0773b4662f9cb2166e6f514dc53ffc81b38
SUMMARY:Good Friday
DTSTAMP:20250712T090508Z
DTSTART;VALUE=DATE:20250418
DTEND;VALUE=DATE:20250419
STATUS:CONFIRMED
END:VEVENT
BEGIN:VEVENT
UID:fossify_d201bd7e7a4507c49bab184c935f0d328675d08b
SUMMARY:Easter Sunday
DTSTAMP:20250712T090508Z
DTSTART;VALUE=DATE:20250420
DTEND;VALUE=DATE:20250421
STATUS:CONFIRMED
END:VEVENT
BEGIN:VEVENT
UID:fossify_a7982940b2532a4fa9ba466e7c1fdb4a69141ce9
SUMMARY:Easter Monday
DTSTAMP:20250712T090508Z
DTSTART;VALUE=DATE:20250421
DTEND;VALUE=DATE:20250422
STATUS:CONFIRMED
END:VEVENT
BEGIN:VEVENT
UID:fossify_d9c3d4e030653c6427ec540e8ac401030edfe652
SUMMARY:May Day
DTSTAMP:20250712T090508Z
DTSTART;VALUE=DATE:20250505
DTEND;VALUE=DATE:20250506
STATUS:CONFIRMED
END:VEVENT
BEGIN:VEVENT
UID:fossify_3de92ab1d1a8845d11f3b8f8a217e015816e117b
SUMMARY:First Monday in June
DTSTAMP:20250712T090508Z
DTSTART;VALUE=DATE:20250602
DTEND;VALUE=DATE:20250603
STATUS:CONFIRMED
END:VEVENT
BEGIN:VEVENT
UID:fossify_49674ccb16cbafff21f031cd3148152165358c00
SUMMARY:First Monday in August
DTSTAMP:20250712T090508Z
DTSTART;VALUE=DATE:20250804
DTEND;VALUE=DATE:20250805
STATUS:CONFIRMED
END:VEVENT
BEGIN:VEVENT
UID:fossify_c2555f9098a7ed516d786963bb1de34a7a9b8c59
SUMMARY:October Bank Holiday
DTSTAMP:20250712T090508Z
DTSTART;VALUE=DATE:20251027
DTEND;VALUE=DATE:20251028
STATUS:CONFIRMED
END:VEVENT
BEGIN:VEVENT
UID:fossify_02f657adbca50ddc2d3f661f23673fd3e74c1899
SUMMARY:Christmas Day
DTSTAMP:20250712T090508Z
DTSTART;VALUE=DATE:19801225
DTEND;VALUE=DATE:19801226
STATUS:CONFIRMED
RRULE:FREQ=YEARLY
END:VEVENT
BEGIN:VEVENT
UID:fossify_75e2f8444a3365f4741bc92bc16a29b01a509339
SUMMARY:St. Stephen's Day
DTSTAMP:20250712T090508Z
DTSTART;VALUE=DATE:19801226
DTEND;VALUE=DATE:19801227
STATUS:CONFIRMED
RRULE:FREQ=YEARLY
END:VEVENT
BEGIN:VEVENT
UID:fossify_1a18db29f742e6fe7c0e118841f10af5f8655652
SUMMARY:St. Brigid’s Day
DTSTAMP:20250712T090508Z
DTSTART;VALUE=DATE:20260202
DTEND;VALUE=DATE:20260203
STATUS:CONFIRMED
END:VEVENT
BEGIN:VEVENT
UID:fossify_544aea8221deaebf7540628cebfa17b287295817
SUMMARY:Good Friday
DTSTAMP:20250712T090508Z
DTSTART;VALUE=DATE:20260403
DTEND;VALUE=DATE:20260404
STATUS:CONFIRMED
END:VEVENT
BEGIN:VEVENT
UID:fossify_9f877f178aebdb3c59156a67c532b32364bcfb13
SUMMARY:Easter Sunday
DTSTAMP:20250712T090508Z
DTSTART;VALUE=DATE:20260405
DTEND;VALUE=DATE:20260406
STATUS:CONFIRMED
END:VEVENT
BEGIN:VEVENT
UID:fossify_9bd6778b02d5423455f86ac9dbf65dd8b1f88a0b
SUMMARY:Easter Monday
DTSTAMP:20250712T090508Z
DTSTART;VALUE=DATE:20260406
DTEND;VALUE=DATE:20260407
STATUS:CONFIRMED
END:VEVENT
BEGIN:VEVENT
UID:fossify_d7e0416a1fc5ddacd7497526eb9960124bb3117a
SUMMARY:May Day
DTSTAMP:20250712T090508Z
DTSTART;VALUE=DATE:20260504
DTEND;VALUE=DATE:20260505
STATUS:CONFIRMED
END:VEVENT
BEGIN:VEVENT
UID:fossify_daa6dd90b730af52aaab3750a19ec53d59e2e716
SUMMARY:First Monday in June
DTSTAMP:20250712T090508Z
DTSTART;VALUE=DATE:20260601
DTEND;VALUE=DATE:20260602
STATUS:CONFIRMED
END:VEVENT
BEGIN:VEVENT
UID:fossify_615a64024731d62192c49d819ad83f748f228444
SUMMARY:First Monday in August
DTSTAMP:20250712T090508Z
DTSTART;VALUE=DATE:20260803
DTEND;VALUE=DATE:20260804
STATUS:CONFIRMED
END:VEVENT
BEGIN:VEVENT
UID:fossify_6fa7244587a393a2fae899c5150ca9d2af413490
SUMMARY:October Bank Holiday
DTSTAMP:20250712T090508Z
DTSTART;VALUE=DATE:20261026
DTEND;VALUE=DATE:20261027
STATUS:CONFIRMED
END:VEVENT
BEGIN:VEVENT
UID:fossify_40b8deb2aa5ef09c8e2605e8cf118fb8e011277b
SUMMARY:St. Stephen's Day (substitute day)
DTSTAMP:20250712T090508Z
DTSTART;VALUE=DATE:19801228
DTEND;VALUE=DATE:19801229
STATUS:CONFIRMED
RRULE:FREQ=YEARLY
END:VEVENT
END:VCALENDAR
