BEGIN:VCALENDAR
VERSION:2.0
CALSCALE:GREGORIAN
PRODID:Fossify Calendar Holiday Generator
METHOD:PUBLISH
X-PUBLISHED-TTL:PT1H
BEGIN:VEVENT
UID:fossify_aea47c74d6c1863d5c3205061c7075f64a1feb94
SUMMARY:New Year's Day
DTSTAMP:20260122T033719Z
DTSTART;VALUE=DATE:19800101
DTEND;VALUE=DATE:19800102
STATUS:CONFIRMED
RRULE:FREQ=YEARLY
END:VEVENT
BEGIN:VEVENT
UID:fossify_544aea8221deaebf7540628cebfa17b287295817
SUMMARY:Good Friday
DTSTAMP:20260122T033719Z
DTSTART;VALUE=DATE:20260403
DTEND;VALUE=DATE:20260404
STATUS:CONFIRMED
END:VEVENT
BEGIN:VEVENT
UID:fossify_9bd6778b02d5423455f86ac9dbf65dd8b1f88a0b
SUMMARY:Easter Monday
DTSTAMP:20260122T033719Z
DTSTART;VALUE=DATE:20260406
DTEND;VALUE=DATE:20260407
STATUS:CONFIRMED
END:VEVENT
BEGIN:VEVENT
UID:fossify_85a345448aa06514641cccd110207fe2c5ac8711
SUMMARY:Early May bank holiday
DTSTAMP:20260122T033719Z
DTSTART;VALUE=DATE:20260504
DTEND;VALUE=DATE:20260505
STATUS:CONFIRMED
END:VEVENT
BEGIN:VEVENT
UID:fossify_71be2be028105cbbb4cc2116f53af8b6d2a1e1fa
SUMMARY:Spring bank holiday
DTSTAMP:20260122T033719Z
DTSTART;VALUE=DATE:20260525
DTEND;VALUE=DATE:20260526
STATUS:CONFIRMED
END:VEVENT
BEGIN:VEVENT
UID:fossify_02f657adbca50ddc2d3f661f23673fd3e74c1899
SUMMARY:Christmas Day
DTSTAMP:20260122T033719Z
DTSTART;VALUE=DATE:19801225
DTEND;VALUE=DATE:19801226
STATUS:CONFIRMED
RRULE:FREQ=YEARLY
END:VEVENT
BEGIN:VEVENT
UID:fossify_8a35d749381fb250b6ca764e6cd14563e0184e30
SUMMARY:Boxing Day
DTSTAMP:20260122T033719Z
DTSTART;VALUE=DATE:19801226
DTEND;VALUE=DATE:19801227
STATUS:CONFIRMED
RRULE:FREQ=YEARLY
END:VEVENT
BEGIN:VEVENT
UID:fossify_9d9ec4829badeb4e7ff089d7104551afcd888447
SUMMARY:Boxing Day (substitute day)
DTSTAMP:20260122T033719Z
DTSTART;VALUE=DATE:20261228
DTEND;VALUE=DATE:20261229
STATUS:CONFIRMED
END:VEVENT
BEGIN:VEVENT
UID:fossify_77d2d8ec3a2dbba790bb936451b3f234c5e57d9e
SUMMARY:Good Friday
DTSTAMP:20260122T033719Z
DTSTART;VALUE=DATE:20270326
DTEND;VALUE=DATE:20270327
STATUS:CONFIRMED
END:VEVENT
BEGIN:VEVENT
UID:fossify_88a32ea0b3f4ca0a6ed238b0c2cfb85f5fb091d3
SUMMARY:Easter Monday
DTSTAMP:20260122T033719Z
DTSTART;VALUE=DATE:20270329
DTEND;VALUE=DATE:20270330
STATUS:CONFIRMED
END:VEVENT
BEGIN:VEVENT
UID:fossify_b0786cab1ebd82d54412e2f5bfa9533c89f2339b
SUMMARY:Early May bank holiday
DTSTAMP:20260122T033719Z
DTSTART;VALUE=DATE:20270503
DTEND;VALUE=DATE:20270504
STATUS:CONFIRMED
END:VEVENT
BEGIN:VEVENT
UID:fossify_b894914c1ca82c07cecf795ee1260c21e5be19cb
SUMMARY:Spring bank holiday
DTSTAMP:20260122T033719Z
DTSTART;VALUE=DATE:20270531
DTEND;VALUE=DATE:20270601
STATUS:CONFIRMED
END:VEVENT
BEGIN:VEVENT
UID:fossify_9ea5e67fe9c5df3f8c10fca40da513ab55e2439d
SUMMARY:Christmas Day (substitute day)
DTSTAMP:20260122T033719Z
DTSTART;VALUE=DATE:20271227
DTEND;VALUE=DATE:20271228
STATUS:CONFIRMED
END:VEVENT
BEGIN:VEVENT
UID:fossify_196e8d6ae52e5dc3b254a2f18e4d693c48f3bd19
SUMMARY:Boxing Day (substitute day)
DTSTAMP:20260122T033719Z
DTSTART;VALUE=DATE:20271228
DTEND;VALUE=DATE:20271229
STATUS:CONFIRMED
END:VEVENT
END:VCALENDAR
