BEGIN:VCALENDAR
VERSION:2.0
CALSCALE:GREGORIAN
PRODID:Fossify Calendar Holiday Generator
METHOD:PUBLISH
X-PUBLISHED-TTL:PT1H
BEGIN:VEVENT
UID:37f7ad1022f0be02f455fa753099460e86ffc5966b9272b5a3017e7df675e514
SUMMARY:New Year's Day
DTSTAMP:20241103T144857Z
DTSTART;VALUE=DATE:19700101
DTEND;VALUE=DATE:19700102
STATUS:CONFIRMED
RRULE:FREQ=YEARLY
END:VEVENT
BEGIN:VEVENT
UID:6863875bb264f6ffe47c0ce67a6c29b592ed2475b9cdd12843dc1120981b13ea
SUMMARY:Bank Holiday
DTSTAMP:20241103T144857Z
DTSTART;VALUE=DATE:20240101
DTEND;VALUE=DATE:20240102
STATUS:CONFIRMED
END:VEVENT
BEGIN:VEVENT
UID:057041d5501cbd4809416dee87631fbd727b14e717067f8d02a2a3fd9830b89c
SUMMARY:St. Brigid’s Day
DTSTAMP:20241103T144857Z
DTSTART;VALUE=DATE:20240205
DTEND;VALUE=DATE:20240206
STATUS:CONFIRMED
END:VEVENT
BEGIN:VEVENT
UID:53d6201a5a62600f883be71eb67e271860870dbd5f7f31c090519108f8377349
SUMMARY:St. Patrick’s Day
DTSTAMP:20241103T144857Z
DTSTART;VALUE=DATE:19700317
DTEND;VALUE=DATE:19700318
STATUS:CONFIRMED
RRULE:FREQ=YEARLY
END:VEVENT
BEGIN:VEVENT
UID:2350e8754cc238dbe65866bda920d2f8925e2ecceaf2b77388a007688f2aee8b
SUMMARY:St. Patrick’s Day (substitute day)
DTSTAMP:20241103T144857Z
DTSTART;VALUE=DATE:19700318
DTEND;VALUE=DATE:19700319
STATUS:CONFIRMED
RRULE:FREQ=YEARLY
END:VEVENT
BEGIN:VEVENT
UID:1587d78146fbc89d6a63c8d823480c02654cb885f6e8112b584aa160217ff81f
SUMMARY:Good Friday
DTSTAMP:20241103T144857Z
DTSTART;VALUE=DATE:20240329
DTEND;VALUE=DATE:20240330
STATUS:CONFIRMED
END:VEVENT
BEGIN:VEVENT
UID:8aa92ec165f540e49dcff6e12191f7ff65b92ae3555fce63d668e92f84e6131c
SUMMARY:Easter Sunday
DTSTAMP:20241103T144857Z
DTSTART;VALUE=DATE:20240331
DTEND;VALUE=DATE:20240401
STATUS:CONFIRMED
END:VEVENT
BEGIN:VEVENT
UID:940cf45215123f74e560a688e9890647590db75b022dc62426c7deb3d9e3a722
SUMMARY:Easter Monday
DTSTAMP:20241103T144857Z
DTSTART;VALUE=DATE:20240401
DTEND;VALUE=DATE:20240402
STATUS:CONFIRMED
END:VEVENT
BEGIN:VEVENT
UID:47d5022ca1d31154ea98a51638c97a9e3bbc89a6143cd36f4be63172c5e6794c
SUMMARY:May Day
DTSTAMP:20241103T144857Z
DTSTART;VALUE=DATE:20240506
DTEND;VALUE=DATE:20240507
STATUS:CONFIRMED
END:VEVENT
BEGIN:VEVENT
UID:9caff07d5f3ef52cc9aa74183f87c689575db34f3860342fd73f26f7f51b7c41
SUMMARY:First Monday in June
DTSTAMP:20241103T144857Z
DTSTART;VALUE=DATE:20240603
DTEND;VALUE=DATE:20240604
STATUS:CONFIRMED
END:VEVENT
BEGIN:VEVENT
UID:e312117464395cab03248535ca75c19ddd225eaee96eba2c38e37a007f31d4f1
SUMMARY:First Monday in August
DTSTAMP:20241103T144857Z
DTSTART;VALUE=DATE:20240805
DTEND;VALUE=DATE:20240806
STATUS:CONFIRMED
END:VEVENT
BEGIN:VEVENT
UID:b90ce439c54137cae47267ed5c119b0d6f1fd5577097620b685bee0df81d99a7
SUMMARY:October Bank Holiday
DTSTAMP:20241103T144857Z
DTSTART;VALUE=DATE:20241028
DTEND;VALUE=DATE:20241029
STATUS:CONFIRMED
END:VEVENT
BEGIN:VEVENT
UID:bd3669abc5d423c90db5f40fe0dc25cb1fa927c0a04dc3b1ca2f228ebf970f52
SUMMARY:Christmas Day
DTSTAMP:20241103T144857Z
DTSTART;VALUE=DATE:19701225
DTEND;VALUE=DATE:19701226
STATUS:CONFIRMED
RRULE:FREQ=YEARLY
END:VEVENT
BEGIN:VEVENT
UID:3cec252dc4a6f371d9376a88dd028c8a3e2aaaf27f0478458422304df98fb2c3
SUMMARY:St. Stephen's Day
DTSTAMP:20241103T144857Z
DTSTART;VALUE=DATE:19701226
DTEND;VALUE=DATE:19701227
STATUS:CONFIRMED
RRULE:FREQ=YEARLY
END:VEVENT
BEGIN:VEVENT
UID:846f149a93712dc22ca3cecddc335302a00a57a335798841e27411affb840dfe
SUMMARY:Christmas Bank Holiday
DTSTAMP:20241103T144857Z
DTSTART;VALUE=DATE:19701227
DTEND;VALUE=DATE:19701228
STATUS:CONFIRMED
RRULE:FREQ=YEARLY
END:VEVENT
BEGIN:VEVENT
UID:ff6796e470008998577a4cefd10bc520647f04bb2052e25b97994438ddfe4d02
SUMMARY:Bank Holiday
DTSTAMP:20241103T144857Z
DTSTART;VALUE=DATE:20250106
DTEND;VALUE=DATE:20250107
STATUS:CONFIRMED
END:VEVENT
BEGIN:VEVENT
UID:6229ecc114877b6ab1406660f02b7e0f247d367850c92b5e6dcf3d92bdecd475
SUMMARY:St. Brigid’s Day
DTSTAMP:20241103T144857Z
DTSTART;VALUE=DATE:20250203
DTEND;VALUE=DATE:20250204
STATUS:CONFIRMED
END:VEVENT
BEGIN:VEVENT
UID:38a30003c4ae3c4865fb8a73f3be9818904622ab8ac971b3085e0e7ab4bd1732
SUMMARY:Good Friday
DTSTAMP:20241103T144857Z
DTSTART;VALUE=DATE:20250418
DTEND;VALUE=DATE:20250419
STATUS:CONFIRMED
END:VEVENT
BEGIN:VEVENT
UID:183ded21930a88c523786d145d87a5dcb2c26878a1ec4ec13013713f90644e61
SUMMARY:Easter Sunday
DTSTAMP:20241103T144857Z
DTSTART;VALUE=DATE:20250420
DTEND;VALUE=DATE:20250421
STATUS:CONFIRMED
END:VEVENT
BEGIN:VEVENT
UID:9b888f63aee962de7792836c3162a1b801f0d5643fa7754e7677b1d9bd800bdc
SUMMARY:Easter Monday
DTSTAMP:20241103T144857Z
DTSTART;VALUE=DATE:20250421
DTEND;VALUE=DATE:20250422
STATUS:CONFIRMED
END:VEVENT
BEGIN:VEVENT
UID:78d39e9d3f95f744f6ec9a037cabf6b2af66fe1b99be79e8f03f7aedce34a900
SUMMARY:May Day
DTSTAMP:20241103T144857Z
DTSTART;VALUE=DATE:20250505
DTEND;VALUE=DATE:20250506
STATUS:CONFIRMED
END:VEVENT
BEGIN:VEVENT
UID:1e15a5e266e82dff3fb0d90dc253f2dc27f105bb5300326d8ca1efb5a63fb734
SUMMARY:First Monday in June
DTSTAMP:20241103T144857Z
DTSTART;VALUE=DATE:20250602
DTEND;VALUE=DATE:20250603
STATUS:CONFIRMED
END:VEVENT
BEGIN:VEVENT
UID:b349d312a3e8df412a780172e07f4586030d327012199221c295b80fd92b8365
SUMMARY:First Monday in August
DTSTAMP:20241103T144857Z
DTSTART;VALUE=DATE:20250804
DTEND;VALUE=DATE:20250805
STATUS:CONFIRMED
END:VEVENT
BEGIN:VEVENT
UID:aa16e31efcbf9638224bd6f12617c6d8bfe93c238f562011f43e7bf85af7a0aa
SUMMARY:October Bank Holiday
DTSTAMP:20241103T144857Z
DTSTART;VALUE=DATE:20251027
DTEND;VALUE=DATE:20251028
STATUS:CONFIRMED
END:VEVENT
END:VCALENDAR
