BEGIN:VCALENDAR
VERSION:2.0
CALSCALE:GREGORIAN
PRODID:Fossify Calendar Holiday Generator
METHOD:PUBLISH
X-PUBLISHED-TTL:PT1H
BEGIN:VEVENT
UID:fossify_be52a4f448258d1e8505c1d7e824cb09f10cf1b4
SUMMARY:Dzień Babci
DTSTAMP:20260127T025848Z
DTSTART;VALUE=DATE:19800121
DTEND;VALUE=DATE:19800122
STATUS:CONFIRMED
RRULE:FREQ=YEARLY
END:VEVENT
BEGIN:VEVENT
UID:fossify_8de1544cdad0eea1bf84ea3b3983d4d137117103
SUMMARY:Dzień Dziadka
DTSTAMP:20260127T025848Z
DTSTART;VALUE=DATE:19800122
DTEND;VALUE=DATE:19800123
STATUS:CONFIRMED
RRULE:FREQ=YEARLY
END:VEVENT
BEGIN:VEVENT
UID:fossify_466a9f99d2f7d83307461fcbc4a55964a2cc2443
SUMMARY:Tłusty Czwartek
DTSTAMP:20260127T025848Z
DTSTART;VALUE=DATE:20260212
DTEND;VALUE=DATE:20260213
STATUS:CONFIRMED
END:VEVENT
BEGIN:VEVENT
UID:fossify_7850a4a884d6a8975204e24c07902839687cecef
SUMMARY:Walentynki
DTSTAMP:20260127T025848Z
DTSTART;VALUE=DATE:19800214
DTEND;VALUE=DATE:19800215
STATUS:CONFIRMED
RRULE:FREQ=YEARLY
END:VEVENT
BEGIN:VEVENT
UID:fossify_d393da7a06207d5569d24c9b008e6855cba3fabc
SUMMARY:Ostatki
DTSTAMP:20260127T025848Z
DTSTART;VALUE=DATE:20260217
DTEND;VALUE=DATE:20260218
STATUS:CONFIRMED
END:VEVENT
BEGIN:VEVENT
UID:fossify_ea7bb12853d4f3ea676f486fa10e287a73df6b1a
SUMMARY:Środa Popielcowa
DTSTAMP:20260127T025848Z
DTSTART;VALUE=DATE:20260218
DTEND;VALUE=DATE:20260219
STATUS:CONFIRMED
END:VEVENT
BEGIN:VEVENT
UID:fossify_2d9f099de45bdc3aa186f807e6458386b823273f
SUMMARY:Dzień Nauki Polskiej
DTSTAMP:20260127T025848Z
DTSTART;VALUE=DATE:20260219
DTEND;VALUE=DATE:20260220
STATUS:CONFIRMED
END:VEVENT
BEGIN:VEVENT
UID:fossify_4bebb6278de3de353c986c2f31c08d0b518bab75
SUMMARY:Narodowy Dzień Pamięci „Żołnierzy Wyklętych”
DTSTAMP:20260127T025848Z
DTSTART;VALUE=DATE:20260301
DTEND;VALUE=DATE:20260302
STATUS:CONFIRMED
END:VEVENT
BEGIN:VEVENT
UID:fossify_9dcb91c1386c61921887bd7fa5772e0b198d3634
SUMMARY:Dzień Kobiet
DTSTAMP:20260127T025848Z
DTSTART;VALUE=DATE:19800308
DTEND;VALUE=DATE:19800309
STATUS:CONFIRMED
RRULE:FREQ=YEARLY
END:VEVENT
BEGIN:VEVENT
UID:fossify_208732a5339544cf1f146dd2ad815d8d09c1e93a
SUMMARY:Dzień Mężczyzny
DTSTAMP:20260127T025848Z
DTSTART;VALUE=DATE:19800310
DTEND;VALUE=DATE:19800311
STATUS:CONFIRMED
RRULE:FREQ=YEARLY
END:VEVENT
BEGIN:VEVENT
UID:fossify_6fbfcbf7e061d24766c32ff86d630b2930e4d2f0
SUMMARY:Pierwszy Dzień Wiosny / Dzień Wagarowicza
DTSTAMP:20260127T025848Z
DTSTART;VALUE=DATE:19800321
DTEND;VALUE=DATE:19800322
STATUS:CONFIRMED
RRULE:FREQ=YEARLY
END:VEVENT
BEGIN:VEVENT
UID:fossify_93fbc79e16e94e173dbe4aa9143e4f27d1e5c002
SUMMARY:Narodowy Dzień Pamięci Polaków ratujących Żydów pod okupacją niemie
	cką
DTSTAMP:20260127T025848Z
DTSTART;VALUE=DATE:20260324
DTEND;VALUE=DATE:20260325
STATUS:CONFIRMED
END:VEVENT
BEGIN:VEVENT
UID:fossify_2d1b391b46afc7ba1553ac1038307a732bbc300c
SUMMARY:Niedziela Palmowa
DTSTAMP:20260127T025848Z
DTSTART;VALUE=DATE:20260329
DTEND;VALUE=DATE:20260330
STATUS:CONFIRMED
END:VEVENT
BEGIN:VEVENT
UID:fossify_b81a730c308de13705167143bac8823ab4825ef2
SUMMARY:Wielki Czwartek
DTSTAMP:20260127T025848Z
DTSTART;VALUE=DATE:20260402
DTEND;VALUE=DATE:20260403
STATUS:CONFIRMED
END:VEVENT
BEGIN:VEVENT
UID:fossify_b842ebab0d3e29112188e3cbc1742fa15fc373d0
SUMMARY:Wielki Piątek
DTSTAMP:20260127T025848Z
DTSTART;VALUE=DATE:20260403
DTEND;VALUE=DATE:20260404
STATUS:CONFIRMED
END:VEVENT
BEGIN:VEVENT
UID:fossify_b8aed98ea477206998b8d213f30e56e88d6e856d
SUMMARY:Wielka Sobota
DTSTAMP:20260127T025848Z
DTSTART;VALUE=DATE:20260404
DTEND;VALUE=DATE:20260405
STATUS:CONFIRMED
END:VEVENT
BEGIN:VEVENT
UID:fossify_71ee9c1552e7dc99589fb2341eb5d1646ee844ca
SUMMARY:Święto Chrztu Polski
DTSTAMP:20260127T025848Z
DTSTART;VALUE=DATE:20260414
DTEND;VALUE=DATE:20260415
STATUS:CONFIRMED
END:VEVENT
BEGIN:VEVENT
UID:fossify_2d74b86e23f2dacb1c089761dfdf591311ee159b
SUMMARY:Dzień Pamięci Ofiar Holocaustu i Powstania w Getcie Warszawskim
DTSTAMP:20260127T025848Z
DTSTART;VALUE=DATE:19800419
DTEND;VALUE=DATE:19800420
STATUS:CONFIRMED
RRULE:FREQ=YEARLY
END:VEVENT
BEGIN:VEVENT
UID:fossify_d2287a1318c6c5c5d687bd892924f9d8955bd348
SUMMARY:Dzień Ziemi
DTSTAMP:20260127T025848Z
DTSTART;VALUE=DATE:19800422
DTEND;VALUE=DATE:19800423
STATUS:CONFIRMED
RRULE:FREQ=YEARLY
END:VEVENT
BEGIN:VEVENT
UID:fossify_3b606d557f697c037b6626b4cfc22307b540da16
SUMMARY:Dzień Flagi Rzeczypospolitej Polskiej
DTSTAMP:20260127T025848Z
DTSTART;VALUE=DATE:20260502
DTEND;VALUE=DATE:20260503
STATUS:CONFIRMED
END:VEVENT
BEGIN:VEVENT
UID:fossify_1d88b10a717ae3c4d23dd0a1979f03c1719d9ff4
SUMMARY:Narodowy Dzień Zwycięstwa
DTSTAMP:20260127T025848Z
DTSTART;VALUE=DATE:20260508
DTEND;VALUE=DATE:20260509
STATUS:CONFIRMED
END:VEVENT
BEGIN:VEVENT
UID:fossify_46a9bf7062f6bbd424d1f07634c2efd4528206f7
SUMMARY:Dzień Europy
DTSTAMP:20260127T025848Z
DTSTART;VALUE=DATE:19800509
DTEND;VALUE=DATE:19800510
STATUS:CONFIRMED
RRULE:FREQ=YEARLY
END:VEVENT
BEGIN:VEVENT
UID:fossify_fdd5a292e10188761db53637f25deb184ac4b1c0
SUMMARY:Dzień Matki
DTSTAMP:20260127T025848Z
DTSTART;VALUE=DATE:19800526
DTEND;VALUE=DATE:19800527
STATUS:CONFIRMED
RRULE:FREQ=YEARLY
END:VEVENT
BEGIN:VEVENT
UID:fossify_4d340f6c842be54b80f8e0c27a4d2e7771333b2c
SUMMARY:Dzień Dziecka
DTSTAMP:20260127T025848Z
DTSTART;VALUE=DATE:19800601
DTEND;VALUE=DATE:19800602
STATUS:CONFIRMED
RRULE:FREQ=YEARLY
END:VEVENT
BEGIN:VEVENT
UID:fossify_374bf2d6ac647eae2d8f6509d51ca14ce0f6cd9b
SUMMARY:Dzień Walki i Męczeństwa Wsi Polskiej
DTSTAMP:20260127T025848Z
DTSTART;VALUE=DATE:20260612
DTEND;VALUE=DATE:20260613
STATUS:CONFIRMED
END:VEVENT
BEGIN:VEVENT
UID:fossify_952b9c48829b839302dca7d3d571e019fff0180a
SUMMARY:Dzień Ojca
DTSTAMP:20260127T025848Z
DTSTART;VALUE=DATE:19800623
DTEND;VALUE=DATE:19800624
STATUS:CONFIRMED
RRULE:FREQ=YEARLY
END:VEVENT
BEGIN:VEVENT
UID:fossify_8358eebbca3727450a75b8dc072431c04140c09c
SUMMARY:Narodowy Dzień Pamięci Powstania Warszawskiego
DTSTAMP:20260127T025848Z
DTSTART;VALUE=DATE:20260801
DTEND;VALUE=DATE:20260802
STATUS:CONFIRMED
END:VEVENT
BEGIN:VEVENT
UID:fossify_4d31e85f86d0b7bcb28c87eeaa7b219592fa419a
SUMMARY:Dzień Solidarności i Wolności
DTSTAMP:20260127T025848Z
DTSTART;VALUE=DATE:20260831
DTEND;VALUE=DATE:20260901
STATUS:CONFIRMED
END:VEVENT
BEGIN:VEVENT
UID:fossify_a4a1c54daedd469df8828b166bfdb206a85ec993
SUMMARY:Rocznica wybuchu II wojny światowej
DTSTAMP:20260127T025848Z
DTSTART;VALUE=DATE:19800901
DTEND;VALUE=DATE:19800902
STATUS:CONFIRMED
RRULE:FREQ=YEARLY
END:VEVENT
BEGIN:VEVENT
UID:fossify_366512b0230cea5585370d9a66782539b29bc697
SUMMARY:Rocznica agresji ZSRR na Polskę
DTSTAMP:20260127T025848Z
DTSTART;VALUE=DATE:19800917
DTEND;VALUE=DATE:19800918
STATUS:CONFIRMED
RRULE:FREQ=YEARLY
END:VEVENT
BEGIN:VEVENT
UID:fossify_a8a81401634dc4958b63d396a1e4df94c8c9c975
SUMMARY:Dzień Chłopaka
DTSTAMP:20260127T025848Z
DTSTART;VALUE=DATE:19800930
DTEND;VALUE=DATE:19801001
STATUS:CONFIRMED
RRULE:FREQ=YEARLY
END:VEVENT
BEGIN:VEVENT
UID:fossify_eebc7d399c99208645323697252912ef48a2dd1b
SUMMARY:Narodowy Dzień Pamięci Duchownych Niezłomnych
DTSTAMP:20260127T025848Z
DTSTART;VALUE=DATE:20261019
DTEND;VALUE=DATE:20261020
STATUS:CONFIRMED
END:VEVENT
BEGIN:VEVENT
UID:fossify_bcf84d2a126d5ed56ca091872fa320cf0d930727
SUMMARY:Mikołajki
DTSTAMP:20260127T025848Z
DTSTART;VALUE=DATE:19801206
DTEND;VALUE=DATE:19801207
STATUS:CONFIRMED
RRULE:FREQ=YEARLY
END:VEVENT
BEGIN:VEVENT
UID:fossify_b62946946658c04842dbf2f629bfb1a10034bd20
SUMMARY:Narodowy Dzień Pamięci Zwycięskiego Powstania Wielkopolskiego
DTSTAMP:20260127T025848Z
DTSTART;VALUE=DATE:20261227
DTEND;VALUE=DATE:20261228
STATUS:CONFIRMED
END:VEVENT
BEGIN:VEVENT
UID:fossify_bf5ae7cac0b2243455b71b6536af424b56a02ccb
SUMMARY:Sylwester
DTSTAMP:20260127T025848Z
DTSTART;VALUE=DATE:19801231
DTEND;VALUE=DATE:19810101
STATUS:CONFIRMED
RRULE:FREQ=YEARLY
END:VEVENT
BEGIN:VEVENT
UID:fossify_c3f28b5e31f951fef08bfd9c96c6d595d51a8fc3
SUMMARY:Tłusty Czwartek
DTSTAMP:20260127T025848Z
DTSTART;VALUE=DATE:20270204
DTEND;VALUE=DATE:20270205
STATUS:CONFIRMED
END:VEVENT
BEGIN:VEVENT
UID:fossify_adf9921831a4f524dbef7773bcad3ad1e0f4634c
SUMMARY:Ostatki
DTSTAMP:20260127T025848Z
DTSTART;VALUE=DATE:20270209
DTEND;VALUE=DATE:20270210
STATUS:CONFIRMED
END:VEVENT
BEGIN:VEVENT
UID:fossify_089cc03e00d3a3f5b58b6b0662423ac0e3518d78
SUMMARY:Środa Popielcowa
DTSTAMP:20260127T025848Z
DTSTART;VALUE=DATE:20270210
DTEND;VALUE=DATE:20270211
STATUS:CONFIRMED
END:VEVENT
BEGIN:VEVENT
UID:fossify_d2a5bbf7de194e4bb1f4a453580fa33b4fb01423
SUMMARY:Dzień Nauki Polskiej
DTSTAMP:20260127T025848Z
DTSTART;VALUE=DATE:20270219
DTEND;VALUE=DATE:20270220
STATUS:CONFIRMED
END:VEVENT
BEGIN:VEVENT
UID:fossify_79b98405bf44bc196555bf5a24e3e80b57ca8ffb
SUMMARY:Narodowy Dzień Pamięci „Żołnierzy Wyklętych”
DTSTAMP:20260127T025848Z
DTSTART;VALUE=DATE:20270301
DTEND;VALUE=DATE:20270302
STATUS:CONFIRMED
END:VEVENT
BEGIN:VEVENT
UID:fossify_ca5c02a1f541a1ed6932578e5e8c1487e5138d4d
SUMMARY:Niedziela Palmowa
DTSTAMP:20260127T025848Z
DTSTART;VALUE=DATE:20270321
DTEND;VALUE=DATE:20270322
STATUS:CONFIRMED
END:VEVENT
BEGIN:VEVENT
UID:fossify_efcf1cc5802012eead5b22d6911f27e7268c37de
SUMMARY:Narodowy Dzień Pamięci Polaków ratujących Żydów pod okupacją niemie
	cką
DTSTAMP:20260127T025848Z
DTSTART;VALUE=DATE:20270324
DTEND;VALUE=DATE:20270325
STATUS:CONFIRMED
END:VEVENT
BEGIN:VEVENT
UID:fossify_e21190ec7efb3abfb86fac71c77108b91bec1405
SUMMARY:Wielki Czwartek
DTSTAMP:20260127T025848Z
DTSTART;VALUE=DATE:20270325
DTEND;VALUE=DATE:20270326
STATUS:CONFIRMED
END:VEVENT
BEGIN:VEVENT
UID:fossify_b3cdeb7c10bf7c2da92cc38f2251d233ba6258d0
SUMMARY:Wielki Piątek
DTSTAMP:20260127T025848Z
DTSTART;VALUE=DATE:20270326
DTEND;VALUE=DATE:20270327
STATUS:CONFIRMED
END:VEVENT
BEGIN:VEVENT
UID:fossify_a30ee66357a33a2377cc4c8c68c4f10de3eb3d96
SUMMARY:Wielka Sobota
DTSTAMP:20260127T025848Z
DTSTART;VALUE=DATE:20270327
DTEND;VALUE=DATE:20270328
STATUS:CONFIRMED
END:VEVENT
BEGIN:VEVENT
UID:fossify_0b17df8629ef2019611c153dd6dea6509dd04b13
SUMMARY:Święto Chrztu Polski
DTSTAMP:20260127T025848Z
DTSTART;VALUE=DATE:20270414
DTEND;VALUE=DATE:20270415
STATUS:CONFIRMED
END:VEVENT
BEGIN:VEVENT
UID:fossify_8b7265f33368a6fd00862d24add0e158f6de3cde
SUMMARY:Dzień Flagi Rzeczypospolitej Polskiej
DTSTAMP:20260127T025848Z
DTSTART;VALUE=DATE:20270502
DTEND;VALUE=DATE:20270503
STATUS:CONFIRMED
END:VEVENT
BEGIN:VEVENT
UID:fossify_8ca0e6a5b784a78e2bf1111c3a58e620fca906ea
SUMMARY:Narodowy Dzień Zwycięstwa
DTSTAMP:20260127T025848Z
DTSTART;VALUE=DATE:20270508
DTEND;VALUE=DATE:20270509
STATUS:CONFIRMED
END:VEVENT
BEGIN:VEVENT
UID:fossify_7885b2862063d918b97dfa1e5eb494e98c72c88f
SUMMARY:Dzień Walki i Męczeństwa Wsi Polskiej
DTSTAMP:20260127T025848Z
DTSTART;VALUE=DATE:20270612
DTEND;VALUE=DATE:20270613
STATUS:CONFIRMED
END:VEVENT
BEGIN:VEVENT
UID:fossify_7a266350d098b523e860dea336fdfc8ec093ef55
SUMMARY:Narodowy Dzień Pamięci Powstania Warszawskiego
DTSTAMP:20260127T025848Z
DTSTART;VALUE=DATE:20270801
DTEND;VALUE=DATE:20270802
STATUS:CONFIRMED
END:VEVENT
BEGIN:VEVENT
UID:fossify_09dd5acf1b40a764016bffaebc763b321cb3477b
SUMMARY:Dzień Solidarności i Wolności
DTSTAMP:20260127T025848Z
DTSTART;VALUE=DATE:20270831
DTEND;VALUE=DATE:20270901
STATUS:CONFIRMED
END:VEVENT
BEGIN:VEVENT
UID:fossify_fc73665b57e80ed7daab18058da220526e62eabf
SUMMARY:Narodowy Dzień Pamięci Duchownych Niezłomnych
DTSTAMP:20260127T025848Z
DTSTART;VALUE=DATE:20271019
DTEND;VALUE=DATE:20271020
STATUS:CONFIRMED
END:VEVENT
BEGIN:VEVENT
UID:fossify_8b464db436b0a4c8d11123dc09df03123a080adc
SUMMARY:Narodowy Dzień Pamięci Zwycięskiego Powstania Wielkopolskiego
DTSTAMP:20260127T025848Z
DTSTART;VALUE=DATE:20271227
DTEND;VALUE=DATE:20271228
STATUS:CONFIRMED
END:VEVENT
END:VCALENDAR
