BEGIN:VCALENDAR
VERSION:2.0
CALSCALE:GREGORIAN
PRODID:Fossify Calendar Holiday Generator
METHOD:PUBLISH
X-PUBLISHED-TTL:PT1H
BEGIN:VEVENT
UID:fossify_e5e4c197bb81babf12fd63e13ecdb73104d8bc60
SUMMARY:Día de Andalucía
DTSTAMP:20260203T122925Z
DTSTART;VALUE=DATE:19800228
DTEND;VALUE=DATE:19800301
DESCRIPTION:Andalucía
STATUS:CONFIRMED
RRULE:FREQ=YEARLY
END:VEVENT
BEGIN:VEVENT
UID:fossify_1022ad377077505b342f4e8736da2f66d629e7b7
SUMMARY:Día de Andalucía (día sustituto)
DTSTAMP:20260203T122925Z
DTSTART;VALUE=DATE:20270301
DTEND;VALUE=DATE:20270302
DESCRIPTION:Andalucía
STATUS:CONFIRMED
END:VEVENT
BEGIN:VEVENT
UID:fossify_065e88fa11d6d3d48be101da5b48fc8eb68def2b
SUMMARY:Asunción (día sustituto)
DTSTAMP:20260203T122925Z
DTSTART;VALUE=DATE:20270816
DTEND;VALUE=DATE:20270817
DESCRIPTION:Andalucía\, Aragón\, Asturias\, Castilla y León\, Islas Canaria
	s
STATUS:CONFIRMED
END:VEVENT
BEGIN:VEVENT
UID:fossify_5eff24e1481779768a1e15e26a45c7fbd52e9e84
SUMMARY:Día de Aragón
DTSTAMP:20260203T122925Z
DTSTART;VALUE=DATE:19800423
DTEND;VALUE=DATE:19800424
DESCRIPTION:Aragón
STATUS:CONFIRMED
RRULE:FREQ=YEARLY
END:VEVENT
BEGIN:VEVENT
UID:fossify_1966518dae3f816d2459eb06586e09d561c2b6ed
SUMMARY:Día de Asturias
DTSTAMP:20260203T122925Z
DTSTART;VALUE=DATE:19800908
DTEND;VALUE=DATE:19800909
DESCRIPTION:Asturias
STATUS:CONFIRMED
RRULE:FREQ=YEARLY
END:VEVENT
BEGIN:VEVENT
UID:fossify_839fc8a2a87adc0fe14ca993d013e0073fad3971
SUMMARY:Día de las Instituciones de Cantabria
DTSTAMP:20260203T122925Z
DTSTART;VALUE=DATE:19800628
DTEND;VALUE=DATE:19800629
DESCRIPTION:Cantabria
STATUS:CONFIRMED
RRULE:FREQ=YEARLY
END:VEVENT
BEGIN:VEVENT
UID:fossify_3a4e2740503b9eaaa87eecf21e8f2eacddcccddd
SUMMARY:Día de las Instituciones de Cantabria
DTSTAMP:20260203T122925Z
DTSTART;VALUE=DATE:20260629
DTEND;VALUE=DATE:20260630
DESCRIPTION:Cantabria
STATUS:CONFIRMED
END:VEVENT
BEGIN:VEVENT
UID:fossify_098a846c95a4627438392499a93c1972383cd2b0
SUMMARY:La Bien Aparecida
DTSTAMP:20260203T122925Z
DTSTART;VALUE=DATE:19800915
DTEND;VALUE=DATE:19800916
DESCRIPTION:Cantabria
STATUS:CONFIRMED
RRULE:FREQ=YEARLY
END:VEVENT
BEGIN:VEVENT
UID:fossify_cef225a904d62e793cf156bfc6b04af7b1a26a5b
SUMMARY:Fiesta del Sacrificio-Eidul Adha
DTSTAMP:20260203T122925Z
DTSTART;VALUE=DATE:20260525
DTEND;VALUE=DATE:20260526
DESCRIPTION:Ciudad de Ceuta
STATUS:CONFIRMED
END:VEVENT
BEGIN:VEVENT
UID:fossify_e411fa008886c42e102abedfb2c62b134ff27354
SUMMARY:Nuestra Señora de África
DTSTAMP:20260203T122925Z
DTSTART;VALUE=DATE:19800805
DTEND;VALUE=DATE:19800806
DESCRIPTION:Ciudad de Ceuta
STATUS:CONFIRMED
RRULE:FREQ=YEARLY
END:VEVENT
BEGIN:VEVENT
UID:fossify_5e414957282715b9d249bc8a909c32c0ac76bc5a
SUMMARY:Día de Ceuta
DTSTAMP:20260203T122925Z
DTSTART;VALUE=DATE:19800902
DTEND;VALUE=DATE:19800903
DESCRIPTION:Ciudad de Ceuta
STATUS:CONFIRMED
RRULE:FREQ=YEARLY
END:VEVENT
BEGIN:VEVENT
UID:fossify_ba7e1beb5236254099a39c7aaeb5219bda9c2103
SUMMARY:Fiesta del Sacrificio-Eidul Adha
DTSTAMP:20260203T122925Z
DTSTART;VALUE=DATE:20270514
DTEND;VALUE=DATE:20270515
DESCRIPTION:Ciudad de Ceuta
STATUS:CONFIRMED
END:VEVENT
BEGIN:VEVENT
UID:fossify_b72189b6a4935cca4e945b2187e8dd7730b2ae2c
SUMMARY:Fiesta de Castilla y León
DTSTAMP:20260203T122925Z
DTSTART;VALUE=DATE:19800423
DTEND;VALUE=DATE:19800424
DESCRIPTION:Castilla y León
STATUS:CONFIRMED
RRULE:FREQ=YEARLY
END:VEVENT
BEGIN:VEVENT
UID:fossify_21187466919e51dd2a24290fa001c4b59a0de97d
SUMMARY:Día de Castilla-La Mancha
DTSTAMP:20260203T122925Z
DTSTART;VALUE=DATE:20260531
DTEND;VALUE=DATE:20260601
DESCRIPTION:Castile-La Mancha
STATUS:CONFIRMED
END:VEVENT
BEGIN:VEVENT
UID:fossify_4a772504a26c42f195db5cce7104c38e7199c971
SUMMARY:Día de Castilla-La Mancha
DTSTAMP:20260203T122925Z
DTSTART;VALUE=DATE:20260601
DTEND;VALUE=DATE:20260602
DESCRIPTION:Castile-La Mancha
STATUS:CONFIRMED
END:VEVENT
BEGIN:VEVENT
UID:fossify_703ea24dc4cbc922e20503809161e4bf94705e2e
SUMMARY:Corpus Christi
DTSTAMP:20260203T122925Z
DTSTART;VALUE=DATE:20260604
DTEND;VALUE=DATE:20260605
DESCRIPTION:Castile-La Mancha
STATUS:CONFIRMED
END:VEVENT
BEGIN:VEVENT
UID:fossify_d2046f75bf0ad34605491ff835279d3367abd24a
SUMMARY:Corpus Christi
DTSTAMP:20260203T122925Z
DTSTART;VALUE=DATE:20270527
DTEND;VALUE=DATE:20270528
DESCRIPTION:Castile-La Mancha
STATUS:CONFIRMED
END:VEVENT
BEGIN:VEVENT
UID:fossify_e342f2da9e66a123dca7c61140b8580f4a08c0b6
SUMMARY:Día de Castilla-La Mancha
DTSTAMP:20260203T122925Z
DTSTART;VALUE=DATE:20270531
DTEND;VALUE=DATE:20270601
DESCRIPTION:Castile-La Mancha
STATUS:CONFIRMED
END:VEVENT
BEGIN:VEVENT
UID:fossify_2e51301e611c52bd387db68fc252cd7c800e12aa
SUMMARY:Día de Canarias
DTSTAMP:20260203T122925Z
DTSTART;VALUE=DATE:19800530
DTEND;VALUE=DATE:19800531
DESCRIPTION:Islas Canarias
STATUS:CONFIRMED
RRULE:FREQ=YEARLY
END:VEVENT
BEGIN:VEVENT
UID:fossify_4237973a74cf24e53b42dd79cd8706b3b57f966f
SUMMARY:Día de Canarias (día sustituto)
DTSTAMP:20260203T122925Z
DTSTART;VALUE=DATE:20270531
DTEND;VALUE=DATE:20270601
DESCRIPTION:Islas Canarias
STATUS:CONFIRMED
END:VEVENT
BEGIN:VEVENT
UID:fossify_db134b7419dac016fc3386aef4145c8aa390b600
SUMMARY:Lunes de Pascua
DTSTAMP:20260203T122925Z
DTSTART;VALUE=DATE:20260406
DTEND;VALUE=DATE:20260407
DESCRIPTION:Cataluña\, Illes Balears\, Comunidad Foral de Navarra\, País Va
	sco\, La Rioja\, Comunitat Valenciana
STATUS:CONFIRMED
END:VEVENT
BEGIN:VEVENT
UID:fossify_92829380b5c904eace0cf6f7ac55761f52cb9662
SUMMARY:Lunes de Pentecostés
DTSTAMP:20260203T122925Z
DTSTART;VALUE=DATE:20260525
DTEND;VALUE=DATE:20260526
DESCRIPTION:Cataluña
STATUS:CONFIRMED
END:VEVENT
BEGIN:VEVENT
UID:fossify_929a876663dc65b2813637bfa493b3c038639c9d
SUMMARY:San Juan
DTSTAMP:20260203T122925Z
DTSTART;VALUE=DATE:19800624
DTEND;VALUE=DATE:19800625
DESCRIPTION:Cataluña
STATUS:CONFIRMED
RRULE:FREQ=YEARLY
END:VEVENT
BEGIN:VEVENT
UID:fossify_adf97807b41be926537e83a2d912ea2856a45e6e
SUMMARY:Dia de Cataluña
DTSTAMP:20260203T122925Z
DTSTART;VALUE=DATE:19800911
DTEND;VALUE=DATE:19800912
DESCRIPTION:Cataluña
STATUS:CONFIRMED
RRULE:FREQ=YEARLY
END:VEVENT
BEGIN:VEVENT
UID:fossify_3b22ff8fddc71b72d3512e5aed96fd115df85f98
SUMMARY:Mare de Déu de la Mercè
DTSTAMP:20260203T122925Z
DTSTART;VALUE=DATE:20260924
DTEND;VALUE=DATE:20260925
DESCRIPTION:Cataluña
STATUS:CONFIRMED
END:VEVENT
BEGIN:VEVENT
UID:fossify_b211cefca7ffff1f8b5dc2304ab208e3f8ee6bab
SUMMARY:Lunes de Pascua
DTSTAMP:20260203T122925Z
DTSTART;VALUE=DATE:20270329
DTEND;VALUE=DATE:20270330
DESCRIPTION:Cataluña\, Illes Balears\, Comunidad Foral de Navarra\, País Va
	sco\, La Rioja\, Comunitat Valenciana
STATUS:CONFIRMED
END:VEVENT
BEGIN:VEVENT
UID:fossify_f6c1369be187c37852d1dae58e060313a976b3d2
SUMMARY:Día del Trabajador (día sustituto)
DTSTAMP:20260203T122925Z
DTSTART;VALUE=DATE:20270503
DTEND;VALUE=DATE:20270504
DESCRIPTION:Cataluña
STATUS:CONFIRMED
END:VEVENT
BEGIN:VEVENT
UID:fossify_d259e3b0570644994fe6cc33b3f33a1212b013f6
SUMMARY:Lunes de Pentecostés
DTSTAMP:20260203T122925Z
DTSTART;VALUE=DATE:20270517
DTEND;VALUE=DATE:20270518
DESCRIPTION:Cataluña
STATUS:CONFIRMED
END:VEVENT
BEGIN:VEVENT
UID:fossify_cad1d84000ad0627009567bcaf998919aafc46fc
SUMMARY:Mare de Déu de la Mercè
DTSTAMP:20260203T122925Z
DTSTART;VALUE=DATE:20270924
DTEND;VALUE=DATE:20270925
DESCRIPTION:Cataluña
STATUS:CONFIRMED
END:VEVENT
BEGIN:VEVENT
UID:fossify_cf30f6cc026bac14a65e15c2ddd9069c5d4171c2
SUMMARY:Día de Extremadura
DTSTAMP:20260203T122925Z
DTSTART;VALUE=DATE:19800908
DTEND;VALUE=DATE:19800909
DESCRIPTION:Extremadura
STATUS:CONFIRMED
RRULE:FREQ=YEARLY
END:VEVENT
BEGIN:VEVENT
UID:fossify_ad8f502453e957c683170955f6fdefe51b0b6904
SUMMARY:Día de las Letras Gallegas
DTSTAMP:20260203T122925Z
DTSTART;VALUE=DATE:19800517
DTEND;VALUE=DATE:19800518
DESCRIPTION:Galicia
STATUS:CONFIRMED
RRULE:FREQ=YEARLY
END:VEVENT
BEGIN:VEVENT
UID:fossify_5e793e211fe75dacefa0c7c5e05a945c7aa6be07
SUMMARY:Día de las Letras Gallegas
DTSTAMP:20260203T122925Z
DTSTART;VALUE=DATE:20260518
DTEND;VALUE=DATE:20260519
DESCRIPTION:Galicia
STATUS:CONFIRMED
END:VEVENT
BEGIN:VEVENT
UID:fossify_54fa5741508ed66162d7cf178ebac99b4a9ee667
SUMMARY:Día Nacional de Galicia
DTSTAMP:20260203T122925Z
DTSTART;VALUE=DATE:19800725
DTEND;VALUE=DATE:19800726
DESCRIPTION:Galicia
STATUS:CONFIRMED
RRULE:FREQ=YEARLY
END:VEVENT
BEGIN:VEVENT
UID:fossify_bed6b77fd5883f9ef491b01296c40036ec786294
SUMMARY:Día Nacional de Galicia
DTSTAMP:20260203T122925Z
DTSTART;VALUE=DATE:20270726
DTEND;VALUE=DATE:20270727
DESCRIPTION:Galicia
STATUS:CONFIRMED
END:VEVENT
BEGIN:VEVENT
UID:fossify_e5b18c02e4330f9bbf07861834182181fc309019
SUMMARY:Día de les Illes Balears
DTSTAMP:20260203T122925Z
DTSTART;VALUE=DATE:19800301
DTEND;VALUE=DATE:19800302
DESCRIPTION:Illes Balears
STATUS:CONFIRMED
RRULE:FREQ=YEARLY
END:VEVENT
BEGIN:VEVENT
UID:fossify_7eeb8f06d9e87b5a37606a895f75d53cc9585bde
SUMMARY:Día de les Illes Balears (día sustituto)
DTSTAMP:20260203T122925Z
DTSTART;VALUE=DATE:20260302
DTEND;VALUE=DATE:20260303
DESCRIPTION:Illes Balears
STATUS:CONFIRMED
END:VEVENT
BEGIN:VEVENT
UID:fossify_859b14404b4475447b9d25951a34a8644b1d3bcb
SUMMARY:Día de la Comunidad de Madrid
DTSTAMP:20260203T122925Z
DTSTART;VALUE=DATE:20260502
DTEND;VALUE=DATE:20260503
DESCRIPTION:Comunidad de Madrid
STATUS:CONFIRMED
END:VEVENT
BEGIN:VEVENT
UID:fossify_1cf3d45b12f37f2d2e0c333fbf0e48f662dadf8d
SUMMARY:Día de la Comunidad de Madrid
DTSTAMP:20260203T122925Z
DTSTART;VALUE=DATE:20270503
DTEND;VALUE=DATE:20270504
DESCRIPTION:Comunidad de Madrid
STATUS:CONFIRMED
END:VEVENT
BEGIN:VEVENT
UID:fossify_ed5e64194f3a51c9bdbf9593b8baea13370995a1
SUMMARY:Día de la Comunidad de Madrid (día sustituto)
DTSTAMP:20260203T122925Z
DTSTART;VALUE=DATE:20270503
DTEND;VALUE=DATE:20270504
DESCRIPTION:Comunidad de Madrid
STATUS:CONFIRMED
END:VEVENT
BEGIN:VEVENT
UID:fossify_099936fc7e672b3f90ad096a7dbb6154a275a93f
SUMMARY:Santiago Apóstol
DTSTAMP:20260203T122925Z
DTSTART;VALUE=DATE:20270726
DTEND;VALUE=DATE:20270727
DESCRIPTION:Comunidad de Madrid\, Comunidad Foral de Navarra\, País Vasco
STATUS:CONFIRMED
END:VEVENT
BEGIN:VEVENT
UID:fossify_52a32683e145d84882fc590c114df9eb77888448
SUMMARY:Fiesta del Eid Fitr
DTSTAMP:20260203T122925Z
DTSTART;VALUE=DATE:20260319
DTEND;VALUE=DATE:20260320
DESCRIPTION:Ciudad de Melilla
STATUS:CONFIRMED
END:VEVENT
BEGIN:VEVENT
UID:fossify_653f5dfc06034ceb227ec70ff66b227b346bf0b0
SUMMARY:Fiesta del Sacrificio-Aid Al Adha
DTSTAMP:20260203T122925Z
DTSTART;VALUE=DATE:20260526
DTEND;VALUE=DATE:20260527
DESCRIPTION:Ciudad de Melilla
STATUS:CONFIRMED
END:VEVENT
BEGIN:VEVENT
UID:fossify_888edd1f213627be4f83452f3454e197badef1dd
SUMMARY:Fiesta del Eid Fitr
DTSTAMP:20260203T122925Z
DTSTART;VALUE=DATE:20270308
DTEND;VALUE=DATE:20270309
DESCRIPTION:Ciudad de Melilla
STATUS:CONFIRMED
END:VEVENT
BEGIN:VEVENT
UID:fossify_34656ec2b69810d119c150fe8874c6c6b9b33b13
SUMMARY:Fiesta del Sacrificio-Aid Al Adha
DTSTAMP:20260203T122925Z
DTSTART;VALUE=DATE:20270515
DTEND;VALUE=DATE:20270516
DESCRIPTION:Ciudad de Melilla
STATUS:CONFIRMED
END:VEVENT
END:VCALENDAR
